date,usd_jpy,source,series,retrieved
2024-01-02,142.10,European Central Bank reference rates,EUR/JPY div EUR/USD,2026-09-13
2024-01-08,144.52,European Central Bank reference rates,EUR/JPY div EUR/USD,2026-09-13
2024-01-15,145.88,European Central Bank reference rates,EUR/JPY div EUR/USD,2026-09-13
2024-01-22,147.80,European Central Bank reference rates,EUR/JPY div EUR/USD,2026-09-13
2024-01-29,147.95,European Central Bank reference rates,EUR/JPY div EUR/USD,2026-09-13
2024-02-05,148.63,European Central Bank reference rates,EUR/JPY div EUR/USD,2026-09-13
2024-02-12,148.99,European Central Bank reference rates,EUR/JPY div EUR/USD,2026-09-13
2024-02-19,149.95,European Central Bank reference rates,EUR/JPY div EUR/USD,2026-09-13
2024-02-26,150.55,European Central Bank reference rates,EUR/JPY div EUR/USD,2026-09-13
2024-03-04,150.49,European Central Bank reference rates,EUR/JPY div EUR/USD,2026-09-13
2024-03-11,146.83,European Central Bank reference rates,EUR/JPY div EUR/USD,2026-09-13
2024-03-18,149.20,European Central Bank reference rates,EUR/JPY div EUR/USD,2026-09-13
2024-03-25,151.16,European Central Bank reference rates,EUR/JPY div EUR/USD,2026-09-13
2024-04-02,151.65,European Central Bank reference rates,EUR/JPY div EUR/USD,2026-09-13
2024-04-08,151.93,European Central Bank reference rates,EUR/JPY div EUR/USD,2026-09-13
2024-04-15,153.95,European Central Bank reference rates,EUR/JPY div EUR/USD,2026-09-13
2024-04-22,154.73,European Central Bank reference rates,EUR/JPY div EUR/USD,2026-09-13
2024-04-29,156.28,European Central Bank reference rates,EUR/JPY div EUR/USD,2026-09-13
2024-05-06,153.77,European Central Bank reference rates,EUR/JPY div EUR/USD,2026-09-13
2024-05-13,155.86,European Central Bank reference rates,EUR/JPY div EUR/USD,2026-09-13
2024-05-20,155.83,European Central Bank reference rates,EUR/JPY div EUR/USD,2026-09-13
2024-05-27,156.85,European Central Bank reference rates,EUR/JPY div EUR/USD,2026-09-13
2024-06-03,156.88,European Central Bank reference rates,EUR/JPY div EUR/USD,2026-09-13
2024-06-10,156.88,European Central Bank reference rates,EUR/JPY div EUR/USD,2026-09-13
2024-06-17,157.87,European Central Bank reference rates,EUR/JPY div EUR/USD,2026-09-13
2024-06-24,159.52,European Central Bank reference rates,EUR/JPY div EUR/USD,2026-09-13
2024-07-01,161.14,European Central Bank reference rates,EUR/JPY div EUR/USD,2026-09-13
2024-07-08,160.93,European Central Bank reference rates,EUR/JPY div EUR/USD,2026-09-13
2024-07-15,158.01,European Central Bank reference rates,EUR/JPY div EUR/USD,2026-09-13
2024-07-22,156.87,European Central Bank reference rates,EUR/JPY div EUR/USD,2026-09-13
2024-07-29,153.87,European Central Bank reference rates,EUR/JPY div EUR/USD,2026-09-13
2024-08-05,142.24,European Central Bank reference rates,EUR/JPY div EUR/USD,2026-09-13
2024-08-12,147.60,European Central Bank reference rates,EUR/JPY div EUR/USD,2026-09-13
2024-08-19,146.02,European Central Bank reference rates,EUR/JPY div EUR/USD,2026-09-13
2024-08-26,144.17,European Central Bank reference rates,EUR/JPY div EUR/USD,2026-09-13
2024-09-02,146.97,European Central Bank reference rates,EUR/JPY div EUR/USD,2026-09-13
2024-09-09,143.56,European Central Bank reference rates,EUR/JPY div EUR/USD,2026-09-13
2024-09-16,139.91,European Central Bank reference rates,EUR/JPY div EUR/USD,2026-09-13
2024-09-23,143.52,European Central Bank reference rates,EUR/JPY div EUR/USD,2026-09-13
2024-09-30,142.75,European Central Bank reference rates,EUR/JPY div EUR/USD,2026-09-13
2024-10-07,148.09,European Central Bank reference rates,EUR/JPY div EUR/USD,2026-09-13
2024-10-14,149.69,European Central Bank reference rates,EUR/JPY div EUR/USD,2026-09-13
2024-10-21,150.00,European Central Bank reference rates,EUR/JPY div EUR/USD,2026-09-13
2024-10-28,152.69,European Central Bank reference rates,EUR/JPY div EUR/USD,2026-09-13
2024-11-04,151.75,European Central Bank reference rates,EUR/JPY div EUR/USD,2026-09-13
2024-11-11,153.81,European Central Bank reference rates,EUR/JPY div EUR/USD,2026-09-13
2024-11-18,155.17,European Central Bank reference rates,EUR/JPY div EUR/USD,2026-09-13
2024-11-25,154.02,European Central Bank reference rates,EUR/JPY div EUR/USD,2026-09-13
2024-12-02,150.13,European Central Bank reference rates,EUR/JPY div EUR/USD,2026-09-13
2024-12-09,150.83,European Central Bank reference rates,EUR/JPY div EUR/USD,2026-09-13
2024-12-16,154.06,European Central Bank reference rates,EUR/JPY div EUR/USD,2026-09-13
2024-12-23,157.18,European Central Bank reference rates,EUR/JPY div EUR/USD,2026-09-13
2024-12-30,157.57,European Central Bank reference rates,EUR/JPY div EUR/USD,2026-09-13
2025-01-06,156.58,European Central Bank reference rates,EUR/JPY div EUR/USD,2026-09-13
2025-01-13,157.11,European Central Bank reference rates,EUR/JPY div EUR/USD,2026-09-13
2025-01-20,156.42,European Central Bank reference rates,EUR/JPY div EUR/USD,2026-09-13
2025-01-27,154.05,European Central Bank reference rates,EUR/JPY div EUR/USD,2026-09-13
2025-02-03,154.63,European Central Bank reference rates,EUR/JPY div EUR/USD,2026-09-13
2025-02-10,152.05,European Central Bank reference rates,EUR/JPY div EUR/USD,2026-09-13
2025-02-17,151.50,European Central Bank reference rates,EUR/JPY div EUR/USD,2026-09-13
2025-02-24,149.83,European Central Bank reference rates,EUR/JPY div EUR/USD,2026-09-13
2025-03-03,151.29,European Central Bank reference rates,EUR/JPY div EUR/USD,2026-09-13
2025-03-10,146.97,European Central Bank reference rates,EUR/JPY div EUR/USD,2026-09-13
2025-03-17,148.82,European Central Bank reference rates,EUR/JPY div EUR/USD,2026-09-13
2025-03-24,149.81,European Central Bank reference rates,EUR/JPY div EUR/USD,2026-09-13
2025-03-31,149.42,European Central Bank reference rates,EUR/JPY div EUR/USD,2026-09-13
2025-04-07,146.42,European Central Bank reference rates,EUR/JPY div EUR/USD,2026-09-13
2025-04-14,143.25,European Central Bank reference rates,EUR/JPY div EUR/USD,2026-09-13
2025-04-22,140.34,European Central Bank reference rates,EUR/JPY div EUR/USD,2026-09-13
2025-04-28,143.34,European Central Bank reference rates,EUR/JPY div EUR/USD,2026-09-13
2025-05-05,143.87,European Central Bank reference rates,EUR/JPY div EUR/USD,2026-09-13
2025-05-12,148.08,European Central Bank reference rates,EUR/JPY div EUR/USD,2026-09-13
2025-05-19,144.97,European Central Bank reference rates,EUR/JPY div EUR/USD,2026-09-13
2025-05-26,142.90,European Central Bank reference rates,EUR/JPY div EUR/USD,2026-09-13
2025-06-02,142.73,European Central Bank reference rates,EUR/JPY div EUR/USD,2026-09-13
2025-06-09,144.50,European Central Bank reference rates,EUR/JPY div EUR/USD,2026-09-13
2025-06-16,144.19,European Central Bank reference rates,EUR/JPY div EUR/USD,2026-09-13
2025-06-23,147.55,European Central Bank reference rates,EUR/JPY div EUR/USD,2026-09-13
2025-06-30,144.34,European Central Bank reference rates,EUR/JPY div EUR/USD,2026-09-13
2025-07-07,145.56,European Central Bank reference rates,EUR/JPY div EUR/USD,2026-09-13
2025-07-14,147.37,European Central Bank reference rates,EUR/JPY div EUR/USD,2026-09-13
2025-07-21,147.44,European Central Bank reference rates,EUR/JPY div EUR/USD,2026-09-13
2025-07-28,148.15,European Central Bank reference rates,EUR/JPY div EUR/USD,2026-09-13
2025-08-04,147.38,European Central Bank reference rates,EUR/JPY div EUR/USD,2026-09-13
2025-08-11,147.87,European Central Bank reference rates,EUR/JPY div EUR/USD,2026-09-13
2025-08-18,147.58,European Central Bank reference rates,EUR/JPY div EUR/USD,2026-09-13
2025-08-25,147.35,European Central Bank reference rates,EUR/JPY div EUR/USD,2026-09-13
2025-09-01,147.22,European Central Bank reference rates,EUR/JPY div EUR/USD,2026-09-13
2025-09-08,147.84,European Central Bank reference rates,EUR/JPY div EUR/USD,2026-09-13
2025-09-15,147.36,European Central Bank reference rates,EUR/JPY div EUR/USD,2026-09-13
2025-09-22,147.84,European Central Bank reference rates,EUR/JPY div EUR/USD,2026-09-13
2025-09-29,148.75,European Central Bank reference rates,EUR/JPY div EUR/USD,2026-09-13
2025-10-06,150.04,European Central Bank reference rates,EUR/JPY div EUR/USD,2026-09-13
2025-10-13,152.11,European Central Bank reference rates,EUR/JPY div EUR/USD,2026-09-13
2025-10-20,150.76,European Central Bank reference rates,EUR/JPY div EUR/USD,2026-09-13
2025-10-27,152.86,European Central Bank reference rates,EUR/JPY div EUR/USD,2026-09-13
2025-11-03,154.22,European Central Bank reference rates,EUR/JPY div EUR/USD,2026-09-13
2025-11-10,154.10,European Central Bank reference rates,EUR/JPY div EUR/USD,2026-09-13
2025-11-17,154.90,European Central Bank reference rates,EUR/JPY div EUR/USD,2026-09-13
2025-11-24,156.98,European Central Bank reference rates,EUR/JPY div EUR/USD,2026-09-13
2025-12-01,154.80,European Central Bank reference rates,EUR/JPY div EUR/USD,2026-09-13
2025-12-08,155.55,European Central Bank reference rates,EUR/JPY div EUR/USD,2026-09-13
2025-12-15,155.13,European Central Bank reference rates,EUR/JPY div EUR/USD,2026-09-13
2025-12-22,157.32,European Central Bank reference rates,EUR/JPY div EUR/USD,2026-09-13
2025-12-29,156.36,European Central Bank reference rates,EUR/JPY div EUR/USD,2026-09-13
2026-01-05,156.83,European Central Bank reference rates,EUR/JPY div EUR/USD,2026-09-13
2026-01-12,157.73,European Central Bank reference rates,EUR/JPY div EUR/USD,2026-09-13
2026-01-19,157.93,European Central Bank reference rates,EUR/JPY div EUR/USD,2026-09-13
2026-01-26,154.21,European Central Bank reference rates,EUR/JPY div EUR/USD,2026-09-13
2026-02-02,155.06,European Central Bank reference rates,EUR/JPY div EUR/USD,2026-09-13
2026-02-09,156.19,European Central Bank reference rates,EUR/JPY div EUR/USD,2026-09-13
2026-02-16,153.34,European Central Bank reference rates,EUR/JPY div EUR/USD,2026-09-13
2026-02-23,154.82,European Central Bank reference rates,EUR/JPY div EUR/USD,2026-09-13
2026-03-02,157.45,European Central Bank reference rates,EUR/JPY div EUR/USD,2026-09-13
2026-03-09,158.50,European Central Bank reference rates,EUR/JPY div EUR/USD,2026-09-13
2026-03-16,159.14,European Central Bank reference rates,EUR/JPY div EUR/USD,2026-09-13
2026-03-23,158.55,European Central Bank reference rates,EUR/JPY div EUR/USD,2026-09-13
2026-03-30,159.46,European Central Bank reference rates,EUR/JPY div EUR/USD,2026-09-13
2026-04-07,159.84,European Central Bank reference rates,EUR/JPY div EUR/USD,2026-09-13
2026-04-13,159.83,European Central Bank reference rates,EUR/JPY div EUR/USD,2026-09-13
2026-04-20,158.91,European Central Bank reference rates,EUR/JPY div EUR/USD,2026-09-13
2026-04-27,159.21,European Central Bank reference rates,EUR/JPY div EUR/USD,2026-09-13
2026-05-04,157.12,European Central Bank reference rates,EUR/JPY div EUR/USD,2026-09-13
2026-05-11,157.14,European Central Bank reference rates,EUR/JPY div EUR/USD,2026-09-13
2026-05-18,158.77,European Central Bank reference rates,EUR/JPY div EUR/USD,2026-09-13
2026-05-25,158.93,European Central Bank reference rates,EUR/JPY div EUR/USD,2026-09-13
2026-06-01,159.49,European Central Bank reference rates,EUR/JPY div EUR/USD,2026-09-13
2026-06-08,159.97,European Central Bank reference rates,EUR/JPY div EUR/USD,2026-09-13
2026-06-15,160.19,European Central Bank reference rates,EUR/JPY div EUR/USD,2026-09-13
2026-06-22,161.78,European Central Bank reference rates,EUR/JPY div EUR/USD,2026-09-13
2026-06-29,161.86,European Central Bank reference rates,EUR/JPY div EUR/USD,2026-09-13
2026-07-06,162.34,European Central Bank reference rates,EUR/JPY div EUR/USD,2026-09-13
2026-07-13,162.14,European Central Bank reference rates,EUR/JPY div EUR/USD,2026-09-13
2026-07-20,162.38,European Central Bank reference rates,EUR/JPY div EUR/USD,2026-09-13
2026-07-27,163.64,European Central Bank reference rates,EUR/JPY div EUR/USD,2026-09-13
2026-08-03,156.68,European Central Bank reference rates,EUR/JPY div EUR/USD,2026-09-13
2026-08-10,158.64,European Central Bank reference rates,EUR/JPY div EUR/USD,2026-09-13
2026-08-17,159.23,European Central Bank reference rates,EUR/JPY div EUR/USD,2026-09-13
2026-08-24,159.12,European Central Bank reference rates,EUR/JPY div EUR/USD,2026-09-13
2026-08-31,159.73,European Central Bank reference rates,EUR/JPY div EUR/USD,2026-09-13
2026-09-07,154.75,European Central Bank reference rates,EUR/JPY div EUR/USD,2026-09-13
